ubuntu@ip-10-1-10-168:~$ mysql -u admin -p -h database-1.cry4isiyctpt.us-east-1.rds.amazonaws.com
Enter password: 
Welcome to the MySQL monitor.  Commands end with ; or \g.
Your MySQL connection id is 73
Server version: 5.7.22-log Source distribution

Copyright (c) 2000, 2020, Oracle and/or its affiliates. All rights reserved.

Oracle is a registered trademark of Oracle Corporation and/or its
affiliates. Other names may be trademarks of their respective
owners.

Type 'help;' or '\h' for help. Type '\c' to clear the current input statement.

mysql> show databases;
+--------------------+
| Database           |
+--------------------+
| information_schema |
| innodb             |
| mysql              |
| performance_schema |
| sys                |
| udacity            |
+--------------------+
6 rows in set (0.00 sec)

mysql> USE udacity
Database changed
mysql> CREATE TA
TABLE       TABLES      TABLESPACE  TAN        
mysql> CREATE TABLE myexampledb()
    -> exit
xit
^C
mysql> CREATE TABLE myexampledb(
    -> tutorial_id INT NOT NULL AUTO_INCREMENT,
    -> tutorial_title VARCHAR(100) NOT NULL,
    -> PRIMARY KEY ( tutorial_id )
    -> );
Query OK, 0 rows affected (0.05 sec)

mysql> INS
INSENSITIVE    INSERT         INSERT_METHOD  INSTR         
mysql> INSERT INTO myexampledb
    -> (tutorial_id, tutorial_title)
    -> VALUES
    -> ("101", "Learn SQL");
Query OK, 1 row affected (0.01 sec)

mysql> select tutorial_title from myexampledb
    -> exit
    -> exit:
xit:
^C
mysql> select tutorial_title from myexampledb;
+----------------+
| tutorial_title |
+----------------+
| Learn SQL      |
+----------------+
1 row in set (0.00 sec)
